STATE BANK OF INDIA,,,,,
A'bad Stock Exchange Branch - SBI ( 10868 ),,,,,
Adalaj Branch - SBI ( 10940 ),,,,,
ADB Khambhadiya ( Jamnagar ) Branch - SBI ( 60178 ),,,,,
ADB Rajkot Branch - SBI ( 60197 ),,,,,
Adipur ( Kutch ) Branch - SBI ( 2626 ),,,,,
AF Station ( Jamnagar ) Branch - SBI ( 6280 ),,,,,
Ahmedabad Highway Palanpur Br - SBI ( 18627 ),,,,,
Air Force Station ( Bhuj ) Branch - SBI ( 13370 ),,,,,
Air Force Station Jamnagar Branch - SBI ( 6280 ),,,,,
Akhbarnagar Branch - SBI ( 60470 ),,,,,
Ambaji ( B.K. ) Branch - SBI ( 1697 ),,,,,
Ambali Branch - SBI ( 11790 ),,,,,
Ambawadi Branch - SBI ( 10861 ),,,,,
AMCP Branch - SBI ( 1698 ),,,,,
Amod Branch -SBI (10942),,,,,
Amraiwadi Branch - SBI ( 3806 ),,,,,
Anandnagar Branch - SBI ( 5097 ),,,,,
Anjar Main ( Kutch ) Branch - SBI ( 314 ),,,,,
Ankleshwar Branch-SBI ( 0315 ),,,,,
APMC Dholka Branch - SBI ( 60160 ),,,,,
APMC Jasdan ( Rajkot ) Branch - SBI ( 13544 ),,,,,
APMC Vasna Branch - SBI ( 4320 ),,,,,
Arihant Complex ( Bhachau ) Branch - SBI ( 60370 ),,,,,
Ashapura Complex ( Mundra ) Branch - SBI ( 60356 ),,,,,
Ashram Road Branch - SBI ( 2628 ),,,,,
Astodia Branch - SBI ( 293 ),,,,,
Atika ( Rajkot ) Branch - SBI ( 14142 ),,,,,
Atkot Branch - SBI ( 13366 ),,,,,
AUDA Garden Prahladnagar Branch - SBI ( 30142 ),,,,,
Avidha Branch- SBI ( 3325 ),,,,,
Ayojannagar Branch - SBI ( 60240 ),,,,,
Babra Branch -SBI (02632) ,,,,,
Badarkha Branch - SBI ( 3805 ),,,,,
Badoli ( S.K. ) Branch - SBI ( 2630 ),,,,,
Bagathala ( Rajkot ) Branch - SBI ( 60238 ),,,,,
Bagodara Branch - SBI ( 10946 ),,,,,
Bagvadar ( Porbandar ) Branch - SBI ( 60456 ),,,,,
Bakharla ( Porbandar ) Branch -SBI ( 5518 ),,,,,
Baladia ( Kutch ) Branch - SBI ( 60389 ),,,,,
Bamanbore Branch -SBI (60211) ,,,,,
Bantai Branch - SBI ( 60324 ),,,,,
Bapunagar Br - SBI (60434),,,,,
Bapunagar Ind. Estate Branch - SBI ( 525 ),,,,,
Bapunagar Main Branch - SBI ( 60434 ),,,,,
Bareja Branch - SBI ( 13455 ),,,,,
Barwala Branch - SBI ( 60176 ),,,,,
Bavla Branch - SBI ( 1317 ),,,,,
Bedi Bandar Road ( Jamnagar ) Branch - SBI ( 4864 ),,,,,
Bhabhar ( B.K. ) Branch - SBI ( 2632 ),,,,,
Bhachau Main Branch - SBI ( 554 ),,,,,
Bhadla ( Rajkot ) Branch - SBI ( 2635 ),,,,,
Bhadra Branch - SBI ( 60005 ),,,,,
Bhai Pratap Circle ( Kutch ) Branch - SBI ( 60239 ),,,,,
Bhaktinagar Rajkot Branch - SBI ( 1851 ),,,,,
Bhalej Br. SBI (10950)   ,,,,,
Bhanvad Main ( Jamnagar ) Branch - SBI ( 60089 ),,,,,
Bharuch Branch- SBI ( 339 ),,,,,
Bhatia ( Jamnagar ) Branch - SBI ( 60093 ),,,,,
Bhayavadar Branch - SBI ( 60076 ),,,,,
Bhildi ( B.K. ) Branch - SBI ( 11047 ),,,,,
Bhiloda Lati Bazar Branch - SBI ( 60437 ),,,,,
Bhiloda ( S.K. ) Branch - SBI ( 10952 ),,,,,
Bhogat ( Jamnagar ) Branch - SBI ( 14982 ),,,,,
Bhojeshwar Plot Porbandar Branch - SBI ( 7876 ),,,,,
Bhuj Main Branch - SBI ( 334 ),,,,,
Bhuyangdev Char Rasta Br - SBI (16032),,,,,
Bodakdev Char Rasta Branch - SBI ( 60424 ),,,,,
Bopal Branch - SBI ( 5084 ),,,,,
Cantonment Branch - SBI ( 3471 ),,,,,
Chanasma ( Patan ) Branch - SBI ( 4519 ),,,,,
Chandisar ( B.K. ) Branch - SBI ( 5520 ),,,,,
Chandlodiya Branch - SBI ( 13760 ),,,,,
Changodar Branch - SBI ( 7649 ),,,,,
Chhaya ( Porbandar ) Branch - SBI ( 60164 ),,,,,
Chiloda Branch - SBI (10955) ,,,,,
Chitravad ( Rajkot ) Branch - SBI ( 60247 ),,,,,
Chorivad ( S.K. ) Branch - SBI ( 2639 ),,,,,
Chorwad (Junagadh ) Branch -SBI (60168) ,,,,,
Civil Hospital Branch - SBI ( 3043 ),,,,,
Corporate Road Branch - SBI ( 13925 ),,,,,
CRPF Br - SBI ( 06825 ),,,,,
CTM Char Rasta Branch - SBI ( 13450 ),,,,,
Dabhoda Branch - SBI ( 2640 ),,,,,
Dahej Branch -SBI ( 7234 ),,,,,
Dahisara ( Kutch ) Branch - SBI ( 60404 ),,,,,
Danta ( B.K. ) Branch - SBI ( 10956 ),,,,,
Dantiwada ( B.K. ) Branch - SBI ( 2760 ),,,,,
Dared ( Jamnagar ) Branch - SBI ( 13458 ),,,,,
Davda (Rajkot ) Branch-Sbi,,,,,
Dayapar ( Kutch ) Branch - SBI ( 6279 ),,,,,
Dedhrota ( S.K. ) Branch - SBI ( 8433 ),,,,,
Deesa ( B.K. ) Branch - SBI ( 359 ),,,,,
Deesa Highway Road ( B.K.) Branch - SBI ( 10972 ),,,,,
Deodar ( B.K. ) Branch - SBI ( 1210 ),,,,,
Deriapara Br. - SBI,,,,,
Detroj Branch - SBI ( 10958 ),,,,,
Devaliya Gate ( Anjar ) Branch - SBI ( 60349 ),,,,,
Devda ( Porbandar ) Branch - SBI ( 60125 ),,,,,
Dhandhuka Branch - SBI ( 362 ),,,,,
Dhanera Branch - SBI ( 2643 ),,,,,
Dhansura ( S.K. ) Branch - SBI (10960 ),,,,,
Dharamnagar Branch - SBI ( 5305 ),,,,,
Dharoi Branch - SBI ( 3836 ),,,,,
Dhasa Junction Br. SBI ( 60136 ),,,,,
Dhima ( B.K. ) Branch - SBI ( 4635 ),,,,,
Dholera Branch - SBI (14969),,,,,
Dholka Branch - SBI ( 364 ),,,,,
Dhoraji ( Rajkot ) Branch - SBI ( 3789 ),,,,,
Dhrafa ( Jamnagar ) Branch - SBI ( 60143 ),,,,,
Dhrol ( Jamnagar ) Branch - SBI (60094),,,,,
Dhuva ( Rajkot ) Branch - SBI ( 60326 ),,,,,
Drive in Road Br- SBI - ( 4192 ),,,,,
Dwarka ( Jamnagar ) Branch - SBI ( 60090 ),,,,,
Ellisbridge Branch - SBI ( 1041 ),,,,,
Endla Branch - SBI ( 8242 ),,,,,
Essar Refinery Khambhalia- SBI ( 10189 ),,,,,
Express Highway Junction Branch - SBI ( 16028 ),,,,,
Gadh ( B.K. ) Branch - SBI ( 13541 ),,,,,
Galaxy Chowk Dhoraji Branch - SBI ( 60072 ),,,,,
Gamph Branch - SBI ( 8934 ),,,,,
Gandhidham Main ( Kutch ) Branch - SBI ( 373 ),,,,,
Gauridad Branch - SBI,,,,,
Gavaridad ( Rajkot ) Branch - SBI ( 13542 ),,,,,
Gayakwadi Rajkot Branch - SBI ( 60153 ),,,,,
Ghatlodia Branch - SBI ( 10966 ),,,,,
Ghee Kanta Branch - SBI ( 30273 ),,,,,
Ghodasar Branch - SBI ( 13753 ),,,,,
Ghuma Road Branch - SBI ( 60408 ),,,,,
GIDC Electronic Estate Branch - SBI ( 7949 ),,,,,
GIDC Odhav Branch - SBI ( 1387 ),,,,,
GIDC Wadhvan Branch - SBI (05744),,,,,
Gomta ( Rajkot ) Branch - SBI ( 60079 ),,,,,
Gondal Road SME Rajkot Branch - SBI ( 60344 ),,,,,
Gopalpuri ( Kutch ) Branch - SBI ( 2648 ),,,,,
Gota Branch - SBI ( 5147 ),,,,,
Gozaria Branch - SBI ( 8545 ),,,,,
Green Chowk Morvi ( Rajkot ) Branch - SBI ( 60185 ),,,,,
Gujarat College Branch - SBI ( 3095 ),,,,,
Gujarat High Court Branch - SBI ( 4130 ),,,,,
Gujarat University Branch - SBI ( 2651 ),,,,,
Gulab Tower Branch - SBI ( 60428 ),,,,,
Gurukul Road Branch - SBI ( 60400 ),,,,,
Guru Nanak Chowk Palanpur Branch - SBI ( 60207 ),,,,,
GVMSAV Odhav Branch - SBI ( 1354 ),,,,,
Gymkhana Rajkot Branch - SBI ( 60070 ),,,,,
Halenda ( Rajkot ) Branch - SBI ( 60268 ),,,,,
Halol Branch - Sbi (00378),,,,,
Hansot Branch - SBI ( 10970 ),,,,,
Haridas Road ( Wankaner ) Branch - SBI ( 5950 ),,,,,
Harij ( Patan ) Branch - SBI ( 380 ),,,,,
Harshadpur ( Jamnagar ) Branch - SBI ( 60366 ),,,,,
Hebatpur Br- SBI ( 16693 ),,,,,
Highway Road ( Mehsana ) Branch - SBI ( 5150 ),,,,,
Highway Road Palanpur (B.K.) Branch - SBI ( 10973 ),,,,,
Highway Road Sanand Branch - SBI ( 60365 ),,,,,
IIM Vastrapur Branch - SBI ( 2653 ),,,,,
IIT Chandkheda Branch - SBI ( 11770 ),,,,,
Industrial Finance Branch - SBI ( 60327 ),,,,,
Infocity Branch - SBI ( 12700 ),,,,,
INS Valsura ( Jamnagar ) Branch - SBI ( 15075 ),,,,,
IOC Road Branch - SBI ( 11768 ),,,,,
Iqbalgadh ( B.K. ) Branch - SBI ( 2654 ),,,,,
Isanpur Branch - SBI ( 60275 ),,,,,
ISCON Circle Branch - SBI ( 11747 ),,,,,
Ishwarpura ( Badpura ) Branch - SBI ( 13413 ),,,,,
Jagnath Plot Rajkot Branch - SBI ( 3829 ),,,,,
Jail Road Gondal Branch - SBI ( 10190 ),,,,,
Jalana ( B.K. ) Branch - SBI,,,,,
Jalaram Society Branch - SBI ( 30217 ),,,,,
Jal Darshan Society Branch - SBI ( 30217 ),,,,,
Jalotra ( B.K. ) Branch - SBI ( 3699 ),,,,,
Jamalpur Branch - SBI ( 3094 ),,,,,
Jamjodhpur ADB ( Jamnagar ) Branch - SBI ( 60213 ),,,,,
Jam Kandorna ( Rajkot ) Branch - SBI ( 10977 ),,,,,
Jamvali ( Jamnagar ) Branch - SBI ( 60130 ),,,,,
Jam Vanthali ( Jamnagar ) Branch - SBI ( 3148 ),,,,,
Jasdan ( Rajkot ) Branch - SBI ( 60077 ),,,,,
Jetpur ( Rajkot ) Branch - SBI ( 5722 ),,,,,
Jitodiya Road -SBI (18351),,,,,
Jodhpur Tekra ( ISRO ) Branch - SBI ( 3967 ),,,,,
Jodiya ( Jamnagar ) Branch - SBI ( 60095 ),,,,,
Kadi Highway Branch - SBI ( 60436 ),,,,,
Kadiyadra ( S.K. ) Branch - SBI ( 3765 ),,,,,
Kadjodra ( Gandhinagar ) Branch - SBI ( 7651 ),,,,,
Kalavad ( Jamnagar ) Branch - SBI ( 60096 ),,,,,
Kalol Br- Panchmahal Dist. - SBI (00277),,,,,
Kalyanpur ( Jamnagar ) Branch - SBI ( 60097 ),,,,,
Kanakia Plot ( Jetpur ) Branch - SBI ( 60074 ),,,,,
Kandala Free Trade Zone Branch - SBI ( 2657 ),,,,,
Kandla Port Branch - SBI ( 2658 ),,,,,
Kankaria Branch - SBI ( 60129 ),,,,,
Kankariya WRGS Branch - SBI ( 7471 ),,,,,
Kapapwanj Highway (Bayad) Branch - SBI ( 60465 ),,,,,
Karanpara Rajkot Branch - SBI ( 60172 ),,,,,
Kargil Char Rasta Branch - SBI ( 15193 ),,,,,
Karmad Branch-SBI ( 7942 ),,,,,
Katopar Darwaja Br-SBI,,,,,
Katosan Road Branch - SBI ( 13171 ),,,,,
Kauka Branch - SBI ( 8243 ),,,,,
Keliya Vasna Branch - SBI ( 5530 ),,,,,
Kenedy Branch - SBI ( 15325 ),,,,,
Kesariyaji Char Rasta Branch - SBI (60433),,,,,
Keshod ( Junagadh ) Branch - SBI ( 60052 ),,,,,
Kevadiya Colony -SBI ( 3908 ),,,,,
Khadia Branch - SBI ( 60158 ),,,,,
Khageshri ( Porbandar ) Branch - SBI ( 60341 ),,,,,
Khakhijalia ( Rajkot ) Branch - SBI ( 60126 ),,,,,
Khakhrechi ( Rajkot ) Branch - SBI ( 60196 ),,,,,
Khambhaliya ( Jamnagar ) Branch - SBI ( 60092 ),,,,,
Khanpur Branch - SBI ( 7542 ),,,,,
Khareda ( Rajkot ) Branch - SBI ( 7612 ),,,,,
Khedbrahma Branch - SBI (01255),,,,,
Khirasara ( Rajkot ) Branch - SBI ( 7614 ),,,,,
Khodiyar Colony ( Jamnagar ) Branch - SBI ( 12211 ),,,,,
Khokhara Mahemdabad Branch - SBI ( 2661 ),,,,,
KHOPALA BRANCH -SBI ( 60224 ),,,,,
Khoraj ( Ahmedabad ) Branch - SBI ( 3698 ),,,,,
K.K. Nagar Branch - SBI ( 60453 ),,,,,
Kolavada Branch - SBI ( 2662 ),,,,,
Kotda Sangani ( Rajkot ) Branch - SBI ( 60080 ),,,,,
Kothariya Road ( Rajkot ) Branch - SBI ( 12507 ),,,,,
Koth Branch - SBI ( 2663 ),,,,,
Kubernagar Branch - SBI ( 2355 ),,,,,
Kukarwada Branch - SBI ( 2665 ),,,,,
Kutiyana ( Porbandar ) Branch - SBI ( 60053 ),,,,,
Laghu Udhyog Branch - SBI ( 3993 ),,,,,
Lakadia ( Kutch ) Branch - SBI ( 2666 ),,,,,
Lakhajiraj Road Rajkot Branch - SBI ( 3830 ),,,,,
Lakhani ( B.K. ) Branch - SBI ( 6142 ),,,,,
Lalpar ( Morbi ) Branch - SBI ( 16390 ),,,,,
Lalpur ( Jamnagar ) Branch - SBI ( 60098 ),,,,,
Lamba ( Jamanagar ) Branch - SBI ( 60127 ),,,,,
Lambha Branch - SBI ( 16026 ),,,,,
Lavarpur Branch - SBI ( 05695 ),,,,,
Law Garden Branch - SBI ( 60438 ),,,,,
Lodhika Br - SBI (60081),,,,,
Madhapar Main ( Kutch ) Branch - SBI ( 7859 ),,,,,
Madhavpur GHED ( Porbandar ) Branch - SBI ( 60469 ),,,,,
Madhupura Branch - SBI ( 3093 ),,,,,
Mahuva ( Bhavnagar ) Branch - SBI ( 5948 ),,,,,
Malana ( B.K. ) Branch - SBI ( 5524 ),,,,,
Malia Miyana ( Rajkot ) Branch - SBI ( 60082 ),,,,,
Maliya Hatina ( Junagadh ) Branch - SBI ( 60061 ),,,,,
Malpur ( S.K. ) Branch - SBI ( 7022 ),,,,,
Malvan Chowkdy ( 18926 ) Sbi,,,,,
Mandal Branch - SBI ( 2670 ),,,,,
Mandavi ( Kutch ) Branch - SBI ( 424 ),,,,,
Mandvi (Kalyan Bhavan ) Branch - SBI ( 60167 ),,,,,
Manek Chowk ( Porbandar ) Branch - SBI ( 60047 ),,,,,
Mankuwa ( Kutch ) Branch - SBI ( 60410 ),,,,,
Matrushree Santaben College,,,,,
Mavdi Plot Rajkot Branch - SBI (60314),,,,,
Meghaninagar Branch - SBI ( 6140 ),,,,,
Mehsana-Janta Super Market-SBI(00427 ),,,,,
Memnagar Branch - SBI ( 7823 ),,,,,
Mesariya ( Rajkot ) Branch - SBI ( 60311 ),,,,,
Metoda ( Rajkot ) Branch - SBI ( 11001 ),,,,,
M.G. Road Gondal ( Rajkot ) Branch - SBI ( 60073 ),,,,,
M.G. Road Porbandar Branch - SBI ( 456 ),,,,,
Mid Corporate Group Branch -SBI (31276),,,,,
Mirzapar Br. - SBI (10192),,,,,
Mitana ( Rajkot ) Branch - SBI ( 60290 ),,,,,
Mithakhali Branch - SBI ( 3792 ),,,,,
Mithapur Surajkaradi ( Jamnagar ) Branch -SBI(3470),,,,,
MOKAR BRANCH -SBI (60298),,,,,
Morvi ( Rajkot ) Branch - SBI ( 3828 ),,,,,
Mota Dahisara ( Rajkot ) Branch - SBI ( 60135 ),,,,,
Motera Branch - SBI ( 13758 ),,,,,
Moti Khavdi ( Jamnagar ) Branch - SBI ( 60401 ),,,,,
Moti Khavdi RPL ( Jamnagar ) Branch - SBI ( 4131 ),,,,,
Moti Marad ( Rajkot ) Branch - SBI ( 60083 ),,,,,
Motipura Branch - SBI ( 11004 ),,,,,
Moviya ( Rajkot ) Branch - SBI ( 60084 ),,,,,
Mundra Main ( Kutch ) Branch - SBI ( 10187 ),,,,,
Mundra Port Branch - SBI ( 60418 ),,,,,
Nagalpur Branch -SBI (60237),,,,,
Nakhatrana ( Kutch ) Branch - SBI ( 11005 ),,,,,
Naliya ( Kutch ) Branch - SBI ( 438 ),,,,,
Nana Mava Road Rajkot Branch - SBI ( 16034 ),,,,,
Nandana ( Jamnagar ) Branch - SBI ( 60346 ),,,,,
Nani Chirai ( Kutch ) Branch - SBI ( 14983 ),,,,,
Naranpar ( Kutch ) Branch - SBI ( 60398 ),,,,,
Naranpura Branch - SBI ( 1123 ),,,,,
Narayannagar Branch - SBI ( 3804 ),,,,,
Nardipur Gandhinagar -SBI (3803),,,,,
Naroda GIDC Branch - SBI ( 60272 ),,,,,
Naroda Ind. Estate Branch - SBI ( 1045 ),,,,,
Naroda Road Branch - SBI ( 3045 ),,,,,
Narol Branch - SBI ( 11792 ),,,,,
Navagadh ( Rajkot ) Branch - SBI ( 60201 ),,,,,
Nava Naroda Branch - SBI ( 11798 ),,,,,
Nava Vadaj Br-SBI ( 1815 ),,,,,
Navrangpura Branch - SBI ( 3096 ),,,,,
Navsari Main Branch -Sbi,,,,,
Nehrunagar Branch - SBI ( 60449 ),,,,,
Netrang Branch -SBI ( 2673 ),,,,,
New Market Yard Patan Branch - SBI ( 2674 ),,,,,
New Ranip Branch - SBI ( 16031 ),,,,,
New Sachivalay Br - SBI ( 8434 ),,,,,
Nikol Branch - SBI ( 11749 ),,,,,
Nikol Char Rasta Br - SBI (17900),,,,,
Nirnaynagar Branch - SBI ( 11010 ),,,,,
NRI Bhuj Branch - SBI ( 4194 ),,,,,
NRI Mandvi Branch - SBI ( 15912 ),,,,,
NRI Rajkot Branch - SBI ( 14144 ),,,,,
Off S.G.Highway - SBI (16030),,,,,
Old Vegitable Market Br. - SBI ( 60100 ),,,,,
Oslo Gandhidham Branch - SBI ( 13369 ),,,,,
Padadhari ( Rajkot ) Branch - SBI ( 60419 ),,,,,
Palanpur ( B.K. ) Branch - SBI ( 443 ),,,,,
Paldi Branch - SBI ( 5306 ),,,,,
Palej Branch -SBI ( 11014 ),,,,,
Palli Branch (SBI),,,,,
Panch Pipla ( Rajkot ) Branch - SBI ( 60270 ),,,,,
Pandit Dindayal Petrolium Uni. Br. - SBI ( 14937 ),,,,,
Pansora Branch -SBI ( 5696),,,,,
Para Bazar Morbi ( Rajkot ) Branch - SBI ( 60071 ),,,,,
Patan Main Br. SBI ( 00450 ),,,,,
Patanvav ( Rajkot ) Branch - SBI ( 5526 ),,,,,
Patel Street Jasdan ( Rajkot ) Branch - SBI ( 60077,,,,,
Patharkuva Branch - SBI ( 1353 ),,,,,
Petlad Br-SBI,,,,,
Pipaliyaraj ( Rajkot ) Branch - SBI ( 9863 ),,,,,
Polytechnic Branch - SBI ( 1043 ),,,,,
Porbandar Main Branch - SBI ( 456 ),,,,,
POR SME Br-SBI ( 11018 ),,,,,
Port Okha ( Jamnagar ) Branch - SBI ( 457 ),,,,,
Prabhat Society Branch - SBI ( 3097 ),,,,,
Pragatinagar Branch - SBI ( 8053 ),,,,,
Pratapnagar Br-SBI ( Bharuch) ( 03521 ),,,,,
Pratap Road ( Wankaner ) Branch - SBI ( 60078 ),,,,,
Prerna Tirth Road Branch - SBI ( 11791 ),,,,,
Principal Market Yard Rajkot Branch - SBI ( 5745 ),,,,,
Pritamnagar Branch- SBI( 9164 ),,,,,
Punit Ashram Branch - SBI ( 1038 ),,,,,
Puskardham Rajkot Branch - SBI ( 16035 ),,,,,
Race Course Road Rajkot Branch - SBI ( 60292 ),,,,,
RACPC Ahmedabad Branch - SBI ( 4482 ),,,,,
Radhanpur Branch - SBI ( 1026 ),,,,,
RAF Vastral Branch - SBI ( 10865 ),,,,,
Railwaypura Branch - SBI ( 302 ),,,,,
Raiya Road Rajkot Branch - SBI ( 60243 ),,,,,
Rajkot Main Branch - SBI ( 463 ),,,,,
Raj Marg ( Upleta ) Branch - SBI ( 60075 ),,,,,
Rajnagar Branch - Sbi (14143),,,,,
Rajpipla Branch SBI ( 0465 ),,,,,
Rakhial Branch - SBI ( 1203 ),,,,,
Ramdevnagar Branch - SBI ( 60461 ),,,,,
Ram Krishna Nagar Rajkot Branch - SBI ( 60293 ),,,,,
Ramol Br - SBI (16027),,,,,
Rampar Vekra ( Kutch ) Branch - SBI ( 60442 ),,,,,
Ranavav ( Porbandar  ) Branch - SBI ( 60062 ),,,,,
Ranchhodnagar Rajkot Branch - SBI ( 16036 ),,,,,
Rani Tower Rajkot Branch - SBI ( 60471 ),,,,,
Ranjitpara ( Bhanvad ) Branch - SBI (10951),,,,,
Ranjit Road( Jamnagar ) Branch - SBI ( 60088 ),,,,,
Ranpur Branch - SBI ( 8339 ),,,,,
Raval ( Jamnagar ) Branch - SBI ( 13376 ),,,,,
Regal Estate Branch - SBI ( 60147 ),,,,,
Ring Road Rajkot Branch - SBI ( 60405 ),,,,,
Risala Chowk ( Deesa ) Branch - SBI ( 60377 ),,,,,
RTO Branch - SBI ( 10867 ),,,,,
RTO Relocation Site (Bhuj) Branch - SBI ( 13010 ),,,,,
Sabarmati Branch - SBI ( 1032 ),,,,,
Sadar Bazar Rajkot Branch - SBI ( 60161 ),,,,,
Sadhu Vaswani Road Rajkot Branch - SBI ( 15056 ),,,,,
Sagbara Branch- SBI ( 11024 ),,,,,
Sahajanand Complex Branch - SBI ( 60187 ),,,,,
Sahijpur Bogha Branch - SBI ( 3044 ),,,,,
Sahkar Niketan Branch - SBI ( 60351 ),,,,,
Sajod Branch -SBI ( 5585 ),,,,,
Samakhiali ( Kutch ) Branch - SBI ( 10188 ),,,,,
Sami ( Patan ) Branch - SBI ( 11026 ),,,,,
Sanand Branch - SBI ( 469 ),,,,,
Sandpani Br-SBI ( 15245 ),,,,,
Sanskarnagar ( Bhuj ) Branch - SBI ( 13011 ),,,,,
Sant Punit Chowk ( Dhandhuka ) Branch - SBI (60175),,,,,
Sara Br. - SBI ( 60235 ),,,,,
Saraspur Branch - SBI ( 6139 ),,,,,
Sardarganj Br- SBI (60137),,,,,
Sardarnagar Branch - SBI ( 16029 ),,,,,
Sarkhej Circle Branch - SBI ( 13170 ),,,,,
SARLA ( SURENDRANAGAR ) BRANCH -SBI (60233),,,,,
Sarod Branch -SBI ( 3340 ),,,,,
Sarsa ( Anand ) Branch -SBI ( 1335 ),,,,,
Satellite Branch - SBI,,,,,
Satodad ( Rajkot ) Branch - SBI ( 8432 ),,,,,
Satyanarayan Mandir Porbandar Branch - SBI (60048),,,,,
Science City Branch - SBI ( 11759 ),,,,,
S.G. Highway Branch - SBI ( 5146 ),,,,,
Shahalam Gate Branch - SBI ( 3046 ),,,,,
Shahibaug Branch - SBI ( 1370 ),,,,,
Shapar Veraval ( Rajkot ) Branch - SBI ( 13373 ),,,,,
Shastri Nagar Br- SBI ( 18079 ),,,,,
Shihori ( B.K. ) Branch - SBI ( 11032 ),,,,,
Shikhar Appt. Branch - SBI ( 30421 ),,,,,
Shivrajgadh ( Rajkot ) Branch - SBI ( 60150 ),,,,,
Shri Nandnagar Branch - SBI ( 13169 ),,,,,
Shuklatirth Road -SBI ( 15238 ),,,,,
Shyamal Cross Road - Sbi (16033),,,,,
Sikka GEB TPS ( Jamnagar ) Branch - SBI ( 60417 ),,,,,
Sikka Main ( Jamnagar ) Branch - SBI ( 60099 ),,,,,
Sindhavadar ( Rajkot ) Branch - SBI ( 2680 ),,,,,
SME Changodar Br - SBI ( 16382 ),,,,,
SME JASDAN BRANCH-SBI ( 15234 ),,,,,
SME Morvi ( Rajkot ) Branch - SBI ( 10191 ),,,,,
Sola Road Branch - SBI ( 11769 ),,,,,
Someshwar Branch - SBI ( 1948 ),,,,,
South Bopal Branch - SBI ( 16322 ),,,,,
Sp. Commercial Br - SBI ( 17901 ),,,,,
Spl. Personal Banking Branch - SBI ( 60129 ),,,,,
SSI Morvi (Rajkot) Branch - SBI ( 60376 ),,,,,
Station Road ( Bhuj ) Branch - SBI ( 60156 ),,,,,
Station Road Maninagar Branch - SBI ( 11788 ),,,,,
Station Road Patan Branch - SBI ( 60241 ),,,,,
Stock Exchange Rajkot Branch - SBI ( 60331 ),,,,,
St. Xaviers High School Road Branch - SBI ( 3092 ),,,,,
Subhashnagar Char Rasta Br. - SBI ( 16059 ),,,,,
Sumel Branch - SBI ( 13521 ),,,,,
Super Market ( Jamnagar ) Branch - SBI ( 1816 ),,,,,
Surajpar ( Kutch ) Branch - SBI ( 14147 ),,,,,
Surendranagar Main Branch - SBI ( 6498 ),,,,,
Swaminarayan Mandir ( Madhapar )  - SBI ( 60364 ),,,,,
Swaminarayan Mandir ( Mandvi ) Branch - SBI (60167),,,,,
Swaminarayan Mandir ( Sukhpar ) Branch - SBI 60443,,,,,
Talod Main Branch - SBI ( 11035 ),,,,,
Tankara ( Rajkot ) Branch - SBI ( 60085 ),,,,,
Tarsai ( Jamnagar ) Branch - SBI ( 60174 ),,,,,
Thakkar Bapa Nagar Branch - SBI ( 11789 ),,,,,
Thakkar Plot Porbandar Branch - SBI ( 60151 ),,,,,
Thaltej Branch - SBI ( 11748 ),,,,,
Thangadh Branch - Sbi,,,,,
Thara ( B.K. ) Branch - SBI ( 9399 ),,,,,
Theba ( Jamnagar ) Branch - SBI ( 60340 ),,,,,
Tilakwada Branch -SBI ( 11039 ),,,,,
Tithwa ( Rajkot ) Branch - SBI ( 60291 ),,,,,
Tower Road ( Upleta ) Branch - SBI ( 5949 ),,,,,
Tunda-Vandh ( Kutch ) Branch - SBI ( 13367 ),,,,,
Udhyog Bhavan Branch - SBI (60101),,,,,
Udhyognagar ( Porbandar ) Branch - SBI ( 60407 ),,,,,
Unava ( Mehsana ) Branch - SBI ( 2682 ),,,,,
Uni. Campus Branch - SBI ( 1063 ),,,,,
Unjha Branch - SBI ( 60359 ),,,,,
Upleta ( Rajkot ) Branch - SBI ( 5949 ),,,,,
Vadaj Branch - SBI ( 13759 ),,,,,
Vadgam ( B.K. ) Branch - SBI ( 11044 ),,,,,
Vadipara ( Surendranagar ) Branch - SBI,,,,,
Vadnagar ( Mehsana ) Branch - SBI ( 13466 ),,,,,
Vagra Branch -SBI ( 11046 ),,,,,
Valia Branch - SBI ( 9430 ),,,,,
Valia Chokdi -Ankleshwar Branch- SBI ( 60343 ),,,,,
Vallabh Vidhyanagar ( Anand ) -SBI ( 60371 ),,,,,
Varahi ( Patan ) Branch - SBI ( 11015 ),,,,,
Varana Branch - SBI ( 7472 ),,,,,
Varjang Jalia ( Rajkot ) Branch - SBI ( 60226 ),,,,,
Vasna Branch - SBI ( 2684 ),,,,,
Vastral RAF- SBI ( 10865 ),,,,,
Vastrapur Lake Branch - SBI ( 60447 ),,,,,
Vijapur Branch - SBI ( 496 ),,,,,
Vijay Market ( Idar ) Branch - SBI ( 60369 ),,,,,
Vijaynagar Branch - SBI ( 7475 ),,,,,
Vijaynagar ( S.K. ) Branch - SBI ( 11051 ),,,,,
Vinchhiya  ( Rajkot ) Branch - SBI ( 60086 ),,,,,
Viramgam Branch - SBI ( 497 ),,,,,
Viratnagar Branch - SBI ( 12000 ),,,,,
Virochannagar Branch - SBI ( 7653 ),,,,,
Virpur ( Rajkot ) Branch - SBI ( 13365 ),,,,,
Visalpur Branch - SBI ( 11052 ),,,,,
Visnagar College Road Branch - SBI ( 60246 ),,,,,
Vivekanand Ind. Estate Branch - SBI ( 13522 ),,,,,
V.P. Road Viramgam Branch - SBI ( 60186 ),,,,,
V U Nagar Br - SBI,,,,,
V.V.Nagar Br.SBI,,,,,
Wav ( B.K. ) Branch - SBI ( 1205 ),,,,,
Zadeshwar Branch-SBI ( 13005 ),,,,,
Zaveri Bazar Gandhidham Branch - SBI ( 30263 ),,,,,
